{
    "prediction": {
        "all_in_one": {
            "accuracy_by_sizes": {
                "2": 0.95,
                "3": 1.0,
                "4": 0.9,
                "5": 0.9663865546218487,
                "6": 0.9225806451612903,
                "7": 0.9360730593607306,
                "8": 0.9359605911330049,
                "9": 0.9649122807017544,
                "10": 0.9606299212598425,
                "11": 0.967479674796748,
                "12": 0.9586776859504132,
                "13": 0.9774774774774775,
                "14": 0.9468599033816425,
                "15": 0.9534883720930233,
                "16": 0.9659090909090909,
                "17": 1.0,
                "18": 1.0,
                "19": 1.0,
                "20": 1.0
            },
            "accuracy_by_sizes-1-con": {
                "3": 1.0,
                "2": 0.9,
                "5": 1.0,
                "4": 1.0,
                "6": 1.0
            },
            "accuracy_by_sizes-10-CCCC": {
                "15": 0.92,
                "12": 0.7419354838709677,
                "14": 0.8444444444444444,
                "10": 0.85,
                "16": 0.9411764705882353,
                "13": 0.9333333333333333,
                "11": 0.8333333333333334,
                "17": 1.0,
                "18": 1.0,
                "8": 1.0,
                "9": 1.0
            },
            "accuracy_by_sizes-11-CCCI": {
                "15": 0.84,
                "10": 1.0,
                "17": 1.0,
                "11": 0.9583333333333334,
                "13": 0.9411764705882353,
                "14": 0.9230769230769231,
                "20": 1.0,
                "12": 0.9583333333333334,
                "9": 1.0,
                "16": 0.8461538461538461,
                "18": 1.0,
                "19": 1.0
            },
            "accuracy_by_sizes-12-CCII": {
                "14": 0.9777777777777777,
                "12": 1.0,
                "11": 0.96,
                "15": 1.0,
                "16": 1.0,
                "13": 0.9642857142857143,
                "9": 1.0,
                "17": 1.0,
                "10": 1.0,
                "18": 1.0
            },
            "accuracy_by_sizes-13-CIII": {
                "10": 1.0,
                "17": 1.0,
                "11": 1.0,
                "14": 1.0,
                "15": 1.0,
                "12": 1.0,
                "13": 1.0,
                "16": 1.0,
                "9": 1.0,
                "8": 1.0,
                "19": 1.0,
                "18": 1.0
            },
            "accuracy_by_sizes-14-IIII": {
                "10": 1.0,
                "12": 1.0,
                "20": 1.0,
                "14": 1.0,
                "17": 1.0,
                "9": 1.0,
                "15": 1.0,
                "16": 1.0,
                "11": 1.0,
                "13": 1.0,
                "19": 1.0,
                "18": 1.0
            },
            "accuracy_by_sizes-2-incon": {
                "3": 1.0,
                "2": 1.0,
                "5": 1.0,
                "4": 1.0,
                "6": 1.0
            },
            "accuracy_by_sizes-3-CC": {
                "6": 0.7297297297297297,
                "7": 0.8771929824561403,
                "4": 0.7,
                "9": 0.9473684210526315,
                "5": 0.9444444444444444,
                "10": 0.875,
                "8": 0.9696969696969697
            },
            "accuracy_by_sizes-4-CI": {
                "6": 0.9803921568627451,
                "8": 1.0,
                "5": 0.9354838709677419,
                "7": 0.9555555555555556,
                "10": 1.0,
                "4": 0.9166666666666666,
                "9": 1.0,
                "11": 1.0
            },
            "accuracy_by_sizes-5-II": {
                "4": 1.0,
                "9": 1.0,
                "8": 1.0,
                "6": 1.0,
                "5": 1.0,
                "7": 1.0,
                "10": 1.0
            },
            "accuracy_by_sizes-6-CCC": {
                "8": 0.8,
                "9": 0.8918918918918919,
                "13": 1.0,
                "12": 1.0,
                "11": 0.9428571428571428,
                "7": 0.7777777777777778,
                "10": 0.8888888888888888,
                "15": 1.0,
                "14": 1.0,
                "6": 0.75
            },
            "accuracy_by_sizes-7-CCI": {
                "10": 0.975609756097561,
                "8": 0.78125,
                "11": 0.9736842105263158,
                "9": 0.9444444444444444,
                "12": 0.9523809523809523,
                "7": 0.9444444444444444,
                "6": 1.0,
                "13": 1.0,
                "14": 1.0,
                "15": 1.0
            },
            "accuracy_by_sizes-8-CII": {
                "9": 0.9761904761904762,
                "11": 1.0,
                "6": 1.0,
                "10": 1.0,
                "12": 1.0,
                "7": 1.0,
                "8": 1.0,
                "14": 1.0,
                "13": 1.0,
                "15": 1.0
            },
            "accuracy_by_sizes-9-III": {
                "8": 1.0,
                "12": 1.0,
                "13": 1.0,
                "9": 1.0,
                "10": 1.0,
                "11": 1.0,
                "7": 1.0,
                "14": 1.0,
                "6": 1.0,
                "15": 1.0
            },
            "prediction_accuracy-1-con": 0.9666666666666667,
            "prediction_accuracy-10-CCCC": 0.87,
            "prediction_accuracy-11-CCCI": 0.935,
            "prediction_accuracy-12-CCII": 0.985,
            "prediction_accuracy-13-CIII": 1.0,
            "prediction_accuracy-14-IIII": 1.0,
            "prediction_accuracy-2-incon": 1.0,
            "prediction_accuracy-3-CC": 0.875,
            "prediction_accuracy-4-CI": 0.97,
            "prediction_accuracy-5-II": 1.0,
            "prediction_accuracy-6-CCC": 0.895,
            "prediction_accuracy-7-CCI": 0.935,
            "prediction_accuracy-8-CII": 0.995,
            "prediction_accuracy-9-III": 1.0,
            "set_sizes": {
                "2": 20,
                "3": 18,
                "4": 40,
                "5": 119,
                "6": 155,
                "7": 219,
                "8": 203,
                "9": 228,
                "10": 254,
                "11": 246,
                "12": 242,
                "13": 222,
                "14": 207,
                "15": 129,
                "16": 88,
                "17": 45,
                "18": 17,
                "19": 6,
                "20": 2
            },
            "set_sizes-1-con": {
                "3": 9,
                "2": 10,
                "5": 8,
                "4": 2,
                "6": 1
            },
            "set_sizes-10-CCCC": {
                "15": 25,
                "12": 31,
                "14": 45,
                "10": 20,
                "16": 17,
                "13": 30,
                "11": 18,
                "17": 5,
                "18": 5,
                "8": 1,
                "9": 3
            },
            "set_sizes-11-CCCI": {
                "15": 25,
                "10": 17,
                "17": 9,
                "11": 24,
                "13": 34,
                "14": 39,
                "20": 1,
                "12": 24,
                "9": 9,
                "16": 13,
                "18": 4,
                "19": 1
            },
            "set_sizes-12-CCII": {
                "14": 45,
                "12": 32,
                "11": 25,
                "15": 21,
                "16": 22,
                "13": 28,
                "9": 6,
                "17": 6,
                "10": 13,
                "18": 2
            },
            "set_sizes-13-CIII": {
                "10": 12,
                "17": 13,
                "11": 16,
                "14": 27,