{
    "prediction": {
        "all_in_one": {
            "accuracy_by_sizes": {
                "2": 0.25,
                "3": 0.5111111111111111,
                "4": 0.6875,
                "5": 0.6190476190476191,
                "6": 0.33220338983050846,
                "7": 0.2857142857142857,
                "8": 0.40853658536585363,
                "9": 0.2755417956656347,
                "10": 0.2398190045248869,
                "11": 0.24803149606299213,
                "12": 0.25,
                "13": 0.15467625899280577,
                "14": 0.1935483870967742,
                "15": 0.18032786885245902,
                "16": 0.24,
                "17": 0.0
            },
            "accuracy_by_sizes-1-con": {
                "4": 0.8333333333333334,
                "3": 0.6190476190476191,
                "2": 0.3333333333333333
            },
            "accuracy_by_sizes-10-CCCC": {
                "12": 0.9605263157894737,
                "11": 0.8292682926829268,
                "10": 0.6666666666666666,
                "14": 0.96,
                "13": 0.9473684210526315,
                "16": 1.0,
                "15": 1.0,
                "9": 1.0
            },
            "accuracy_by_sizes-11-CCCI": {
                "16": 0.0,
                "13": 0.0,
                "11": 0.04878048780487805,
                "10": 0.0,
                "14": 0.0,
                "12": 0.047619047619047616,
                "15": 0.0,
                "9": 1.0
            },
            "accuracy_by_sizes-12-CCII": {
                "12": 0.028985507246376812,
                "13": 0.018867924528301886,
                "14": 0.034482758620689655,
                "15": 0.13333333333333333,
                "11": 0.0,
                "16": 0.0,
                "10": 0.0
            },
            "accuracy_by_sizes-13-CIII": {
                "12": 0.0847457627118644,
                "16": 0.2857142857142857,
                "13": 0.046153846153846156,
                "14": 0.05263157894736842,
                "15": 0.0,
                "11": 0.0,
                "17": 0.0,
                "10": 0.0
            },
            "accuracy_by_sizes-14-IIII": {
                "12": 0.03896103896103896,
                "14": 0.08108108108108109,
                "13": 0.015384615384615385,
                "15": 0.1111111111111111,
                "16": 0.3333333333333333,
                "17": 0.0,
                "11": 0.3333333333333333
            },
            "accuracy_by_sizes-2-incon": {
                "2": 0.0,
                "3": 0.4166666666666667,
                "5": 0.5,
                "4": 0.0
            },
            "accuracy_by_sizes-3-CC": {
                "6": 0.898989898989899,
                "5": 0.9583333333333334,
                "8": 1.0,
                "7": 0.96875,
                "9": 1.0,
                "4": 0.8,
                "10": 1.0
            },
            "accuracy_by_sizes-4-CI": {
                "8": 0.08695652173913043,
                "5": 0.18518518518518517,
                "7": 0.0,
                "6": 0.061855670103092786,
                "9": 0.0,
                "4": 1.0,
                "10": 0.0
            },
            "accuracy_by_sizes-5-II": {
                "6": 0.030303030303030304,
                "7": 0.05263157894736842,
                "8": 0.07692307692307693,
                "9": 0.0,
                "5": 0.0,
                "10": 0.0,
                "4": 1.0
            },
            "accuracy_by_sizes-6-CCC": {
                "9": 0.9605263157894737,
                "10": 0.9487179487179487,
                "8": 0.9791666666666666,
                "11": 1.0,
                "13": 1.0,
                "12": 1.0,
                "7": 0.875
            },
            "accuracy_by_sizes-7-CCI": {
                "9": 0.09090909090909091,
                "8": 0.13793103448275862,
                "10": 0.06,
                "11": 0.03333333333333333,
                "12": 0.0,
                "13": 0.0,
                "7": 0.25
            },
            "accuracy_by_sizes-8-CII": {
                "11": 0.1,
                "10": 0.05357142857142857,
                "8": 0.05263157894736842,
                "9": 0.0410958904109589,
                "13": 0.0,
                "12": 0.0,
                "7": 0.0
            },
            "accuracy_by_sizes-9-III": {
                "11": 0.043478260869565216,
                "12": 0.1111111111111111,
                "10": 0.0625,
                "9": 0.0,
                "8": 0.0,
                "13": 0.0
            },
            "prediction_accuracy-1-con": 0.6333333333333333,
            "prediction_accuracy-10-CCCC": 0.92,
            "prediction_accuracy-11-CCCI": 0.03,
            "prediction_accuracy-12-CCII": 0.03,
            "prediction_accuracy-13-CIII": 0.06,
            "prediction_accuracy-14-IIII": 0.055,
            "prediction_accuracy-2-incon": 0.36666666666666664,
            "prediction_accuracy-3-CC": 0.93,
            "prediction_accuracy-4-CI": 0.07,
            "prediction_accuracy-5-II": 0.045,
            "prediction_accuracy-6-CCC": 0.965,
            "prediction_accuracy-7-CCI": 0.08,
            "prediction_accuracy-8-CII": 0.055,
            "prediction_accuracy-9-III": 0.035,
            "set_sizes": {
                "2": 4,
                "3": 45,
                "4": 16,
                "5": 84,
                "6": 295,
                "7": 147,
                "8": 164,
                "9": 323,
                "10": 221,
                "11": 254,
                "12": 384,
                "13": 278,
                "14": 155,
                "15": 61,
                "16": 25,
                "17": 4
            },
            "set_sizes-1-con": {
                "4": 6,
                "3": 21,
                "2": 3
            },
            "set_sizes-10-CCCC": {
                "12": 76,
                "11": 41,
                "10": 9,
                "14": 25,
                "13": 38,
                "16": 2,
                "15": 8,
                "9": 1
            },
            "set_sizes-11-CCCI": {
                "16": 3,
                "13": 45,
                "11": 41,
                "10": 8,
                "14": 26,
                "12": 63,
                "15": 13,
                "9": 1
            },
            "set_sizes-12-CCII": {
                "12": 69,
                "13": 53,
                "14": 29,
                "15": 15,
                "11": 21,
                "16": 7,
                "10": 6
            },
            "set_sizes-13-CIII": {
                "12": 59,
                "16": 7,
                "13": 65,
                "14": 38,
                "15": 16,
                "11": 13,
                "17": 1,
                "10": 1
            },
            "set_sizes-14-IIII": {
                "12": 77,
                "14": 37,
                "13": 65,
                "15": 9,
                "16": 6,
                "17": 3,
                "11": 3
            },
            "set_sizes-2-incon": {
                "2": 1,
                "3": 24,
                "5": 2,
                "4": 3
            },
            "set_sizes-3-CC": {
                "6": 99,
                "5": 48,
                "8": 11,
                "7": 32,
                "9": 4,
                "4": 5,
                "10": 1
            },
            "set_sizes-4-CI": {
                "8": 23,
                "5": 27,
                "7": 45,
                "6": 97,
                "9": 6,
                "4": 1,
                "10": 1
            },
            "set_sizes-5-II": {
                "6": 99,
                "7": 57,
                "8": 26,
                "9": 8,
                "5": 7,
                "10": 2,
                "4": 1
            },
            "set_sizes-6-CCC": {
                "9": 76,