{
    "prediction": {
        "all_in_one": {
            "accuracy_by_sizes": {
                "2": 0.95,
                "3": 0.9444444444444444,
                "4": 0.825,
                "5": 0.8907563025210085,
                "6": 0.8709677419354839,
                "7": 0.8447488584474886,
                "8": 0.812807881773399,
                "9": 0.8157894736842105,
                "10": 0.8346456692913385,
                "11": 0.8211382113821138,
                "12": 0.9008264462809917,
                "13": 0.8783783783783784,
                "14": 0.855072463768116,
                "15": 0.8837209302325582,
                "16": 0.8863636363636364,
                "17": 0.9555555555555556,
                "18": 0.6470588235294118,
                "19": 0.8333333333333334,
                "20": 1.0
            },
            "accuracy_by_sizes-1-con": {
                "3": 0.8888888888888888,
                "2": 0.9,
                "5": 0.75,
                "4": 0.5,
                "6": 1.0
            },
            "accuracy_by_sizes-10-CCCC": {
                "15": 0.76,
                "12": 0.6774193548387096,
                "14": 0.6222222222222222,
                "10": 0.8,
                "16": 0.7058823529411765,
                "13": 0.6666666666666666,
                "11": 0.5555555555555556,
                "17": 0.8,
                "18": 0.2,
                "8": 1.0,
                "9": 1.0
            },
            "accuracy_by_sizes-11-CCCI": {
                "15": 0.72,
                "10": 0.8235294117647058,
                "17": 1.0,
                "11": 0.7083333333333334,
                "13": 0.7941176470588235,
                "14": 0.8717948717948718,
                "20": 1.0,
                "12": 0.7083333333333334,
                "9": 0.5555555555555556,
                "16": 0.6923076923076923,
                "18": 0.5,
                "19": 0.0
            },
            "accuracy_by_sizes-12-CCII": {
                "14": 0.8666666666666667,
                "12": 0.96875,
                "11": 0.92,
                "15": 1.0,
                "16": 1.0,
                "13": 0.8928571428571429,
                "9": 1.0,
                "17": 0.8333333333333334,
                "10": 0.8461538461538461,
                "18": 1.0
            },
            "accuracy_by_sizes-13-CIII": {
                "10": 0.9166666666666666,
                "17": 1.0,
                "11": 0.9375,
                "14": 0.9259259259259259,
                "15": 1.0,
                "12": 1.0,
                "13": 0.975609756097561,
                "16": 0.9565217391304348,
                "9": 1.0,
                "8": 1.0,
                "19": 1.0,
                "18": 1.0
            },
            "accuracy_by_sizes-14-IIII": {
                "10": 1.0,
                "12": 1.0,
                "20": 1.0,
                "14": 1.0,
                "17": 1.0,
                "9": 1.0,
                "15": 0.96875,
                "16": 1.0,
                "11": 1.0,
                "13": 1.0,
                "19": 1.0,
                "18": 1.0
            },
            "accuracy_by_sizes-2-incon": {
                "3": 1.0,
                "2": 1.0,
                "5": 1.0,
                "4": 1.0,
                "6": 0.0
            },
            "accuracy_by_sizes-3-CC": {
                "6": 0.6486486486486487,
                "7": 0.6666666666666666,
                "4": 0.4,
                "9": 0.631578947368421,
                "5": 0.8611111111111112,
                "10": 0.75,
                "8": 0.7878787878787878
            },
            "accuracy_by_sizes-4-CI": {
                "6": 0.9019607843137255,
                "8": 0.8918918918918919,
                "5": 0.8387096774193549,
                "7": 0.8444444444444444,
                "10": 1.0,
                "4": 1.0,
                "9": 0.6923076923076923,
                "11": 1.0
            },
            "accuracy_by_sizes-5-II": {
                "4": 1.0,
                "9": 1.0,
                "8": 0.9615384615384616,
                "6": 0.9795918367346939,
                "5": 0.9722222222222222,
                "7": 1.0,
                "10": 0.8333333333333334
            },
            "accuracy_by_sizes-6-CCC": {
                "8": 0.56,
                "9": 0.4864864864864865,
                "13": 0.8571428571428571,
                "12": 0.8235294117647058,
                "11": 0.6,
                "7": 0.7777777777777778,
                "10": 0.6888888888888889,
                "15": 0.5,
                "14": 1.0,
                "6": 1.0
            },
            "accuracy_by_sizes-7-CCI": {
                "10": 0.6585365853658537,
                "8": 0.625,
                "11": 0.7894736842105263,
                "9": 0.8333333333333334,
                "12": 0.9047619047619048,
                "7": 0.8333333333333334,
                "6": 1.0,
                "13": 0.8888888888888888,
                "14": 1.0,
                "15": 1.0
            },
            "accuracy_by_sizes-8-CII": {
                "9": 0.9523809523809523,
                "11": 0.9090909090909091,
                "6": 1.0,
                "10": 0.9696969696969697,
                "12": 0.96,
                "7": 0.95,
                "8": 0.9411764705882353,
                "14": 1.0,
                "13": 0.8666666666666667,
                "15": 1.0
            },
            "accuracy_by_sizes-9-III": {
                "8": 0.9354838709677419,
                "12": 1.0,
                "13": 0.9444444444444444,
                "9": 1.0,
                "10": 1.0,
                "11": 0.9696969696969697,
                "7": 1.0,
                "14": 1.0,
                "6": 1.0,
                "15": 1.0
            },
            "prediction_accuracy-1-con": 0.8333333333333334,
            "prediction_accuracy-10-CCCC": 0.675,
            "prediction_accuracy-11-CCCI": 0.765,
            "prediction_accuracy-12-CCII": 0.925,
            "prediction_accuracy-13-CIII": 0.97,
            "prediction_accuracy-14-IIII": 0.995,
            "prediction_accuracy-2-incon": 0.9666666666666667,
            "prediction_accuracy-3-CC": 0.705,
            "prediction_accuracy-4-CI": 0.875,
            "prediction_accuracy-5-II": 0.98,
            "prediction_accuracy-6-CCC": 0.66,
            "prediction_accuracy-7-CCI": 0.77,
            "prediction_accuracy-8-CII": 0.945,
            "prediction_accuracy-9-III": 0.98,
            "set_sizes": {
                "2": 20,
                "3": 18,
                "4": 40,
                "5": 119,
                "6": 155,
                "7": 219,
                "8": 203,
                "9": 228,
                "10": 254,
                "11": 246,
                "12": 242,
                "13": 222,
                "14": 207,
                "15": 129,
                "16": 88,
                "17": 45,
                "18": 17,
                "19": 6,
                "20": 2
            },
            "set_sizes-1-con": {
                "3": 9,
                "2": 10,
                "5": 8,
                "4": 2,
                "6": 1
            },
            "set_sizes-10-CCCC": {
                "15": 25,
                "12": 31,
                "14": 45,
                "10": 20,
                "16": 17,
                "13": 30,
                "11": 18,
                "17": 5,
                "18": 5,
                "8": 1,
                "9": 3
            },
            "set_sizes-11-CCCI": {
                "15": 25,
                "10": 17,
                "17": 9,
                "11": 24,
                "13": 34,
                "14": 39,
                "20": 1,
                "12": 24,
                "9": 9,
                "16": 13,
                "18": 4,
                "19": 1
            },