{
    "prediction": {
        "all_in_one": {
            "accuracy_by_sizes": {
                "2": 1.0,
                "3": 0.4444444444444444,
                "4": 0.5625,
                "5": 0.6785714285714286,
                "6": 0.5152542372881356,
                "7": 0.5714285714285714,
                "8": 0.5487804878048781,
                "9": 0.6037151702786377,
                "10": 0.6199095022624435,
                "11": 0.6535433070866141,
                "12": 0.6822916666666666,
                "13": 0.7482014388489209,
                "14": 0.6967741935483871,
                "15": 0.6721311475409836,
                "16": 0.6,
                "17": 0.75
            },
            "accuracy_by_sizes-1-con": {
                "4": 0.5,
                "3": 0.3333333333333333,
                "2": 1.0
            },
            "accuracy_by_sizes-10-CCCC": {
                "12": 0.3026315789473684,
                "11": 0.17073170731707318,
                "10": 0.4444444444444444,
                "14": 0.24,
                "13": 0.23684210526315788,
                "16": 0.0,
                "15": 0.625,
                "9": 1.0
            },
            "accuracy_by_sizes-11-CCCI": {
                "16": 0.6666666666666666,
                "13": 0.8666666666666667,
                "11": 0.6829268292682927,
                "10": 0.625,
                "14": 0.6153846153846154,
                "12": 0.7777777777777778,
                "15": 0.5384615384615384,
                "9": 0.0
            },
            "accuracy_by_sizes-12-CCII": {
                "12": 0.7246376811594203,
                "13": 0.8679245283018868,
                "14": 0.7931034482758621,
                "15": 0.7333333333333333,
                "11": 0.7619047619047619,
                "16": 0.42857142857142855,
                "10": 0.5
            },
            "accuracy_by_sizes-13-CIII": {
                "12": 0.7796610169491526,
                "16": 0.5714285714285714,
                "13": 0.8,
                "14": 0.8421052631578947,
                "15": 0.75,
                "11": 0.7692307692307693,
                "17": 1.0,
                "10": 0.0
            },
            "accuracy_by_sizes-14-IIII": {
                "12": 0.8441558441558441,
                "14": 0.8378378378378378,
                "13": 0.8153846153846154,
                "15": 0.6666666666666666,
                "16": 1.0,
                "17": 0.6666666666666666,
                "11": 0.3333333333333333
            },
            "accuracy_by_sizes-2-incon": {
                "2": 1.0,
                "3": 0.5416666666666666,
                "5": 0.5,
                "4": 0.3333333333333333
            },
            "accuracy_by_sizes-3-CC": {
                "6": 0.6161616161616161,
                "5": 0.7916666666666666,
                "8": 0.6363636363636364,
                "7": 0.6875,
                "9": 0.5,
                "4": 0.6,
                "10": 0.0
            },
            "accuracy_by_sizes-4-CI": {
                "8": 0.6086956521739131,
                "5": 0.48148148148148145,
                "7": 0.5555555555555556,
                "6": 0.44329896907216493,
                "9": 1.0,
                "4": 1.0,
                "10": 1.0
            },
            "accuracy_by_sizes-5-II": {
                "6": 0.48484848484848486,
                "7": 0.5263157894736842,
                "8": 0.6923076923076923,
                "9": 0.875,
                "5": 0.7142857142857143,
                "10": 1.0,
                "4": 1.0
            },
            "accuracy_by_sizes-6-CCC": {
                "9": 0.25,
                "10": 0.3076923076923077,
                "8": 0.3958333333333333,
                "11": 0.3157894736842105,
                "13": 0.5,
                "12": 0.625,
                "7": 0.625
            },
            "accuracy_by_sizes-7-CCI": {
                "9": 0.6753246753246753,
                "8": 0.5172413793103449,
                "10": 0.74,
                "11": 0.8,
                "12": 0.75,
                "13": 0.5,
                "7": 0.5
            },
            "accuracy_by_sizes-8-CII": {
                "11": 0.9,
                "10": 0.7321428571428571,
                "8": 0.5263157894736842,
                "9": 0.7397260273972602,
                "13": 1.0,
                "12": 0.8333333333333334,
                "7": 0.0
            },
            "accuracy_by_sizes-9-III": {
                "11": 0.8260869565217391,
                "12": 0.7222222222222222,
                "10": 0.6666666666666666,
                "9": 0.7012987012987013,
                "8": 0.875,
                "13": 0.6666666666666666
            },
            "prediction_accuracy-1-con": 0.43333333333333335,
            "prediction_accuracy-10-CCCC": 0.275,
            "prediction_accuracy-11-CCCI": 0.73,
            "prediction_accuracy-12-CCII": 0.76,
            "prediction_accuracy-13-CIII": 0.785,
            "prediction_accuracy-14-IIII": 0.82,
            "prediction_accuracy-2-incon": 0.5333333333333333,
            "prediction_accuracy-3-CC": 0.665,
            "prediction_accuracy-4-CI": 0.515,
            "prediction_accuracy-5-II": 0.555,
            "prediction_accuracy-6-CCC": 0.335,
            "prediction_accuracy-7-CCI": 0.685,
            "prediction_accuracy-8-CII": 0.755,
            "prediction_accuracy-9-III": 0.73,
            "set_sizes": {
                "2": 4,
                "3": 45,
                "4": 16,
                "5": 84,
                "6": 295,
                "7": 147,
                "8": 164,
                "9": 323,
                "10": 221,
                "11": 254,
                "12": 384,
                "13": 278,
                "14": 155,
                "15": 61,
                "16": 25,
                "17": 4
            },
            "set_sizes-1-con": {
                "4": 6,
                "3": 21,
                "2": 3
            },
            "set_sizes-10-CCCC": {
                "12": 76,
                "11": 41,
                "10": 9,
                "14": 25,
                "13": 38,
                "16": 2,
                "15": 8,
                "9": 1
            },
            "set_sizes-11-CCCI": {
                "16": 3,
                "13": 45,
                "11": 41,
                "10": 8,
                "14": 26,
                "12": 63,
                "15": 13,
                "9": 1
            },
            "set_sizes-12-CCII": {
                "12": 69,
                "13": 53,
                "14": 29,
                "15": 15,
                "11": 21,
                "16": 7,
                "10": 6
            },
            "set_sizes-13-CIII": {
                "12": 59,
                "16": 7,
                "13": 65,
                "14": 38,
                "15": 16,
                "11": 13,
                "17": 1,
                "10": 1
            },
            "set_sizes-14-IIII": {
                "12": 77,
                "14": 37,
                "13": 65,
                "15": 9,
                "16": 6,
                "17": 3,
                "11": 3
            },
            "set_sizes-2-incon": {
                "2": 1,
                "3": 24,
                "5": 2,
                "4": 3
            },
            "set_sizes-3-CC": {
                "6": 99,
                "5": 48,
                "8": 11,
                "7": 32,
                "9": 4,
                "4": 5,
                "10": 1
            },
            "set_sizes-4-CI": {
                "8": 23,
                "5": 27,
                "7": 45,
                "6": 97,
                "9": 6,
                "4": 1,
                "10": 1
            },
            "set_sizes-5-II": {
                "6": 99,
                "7": 57,
                "8": 26,
                "9": 8,