{
	"accuracy_size_10": 0.9819004524886877,
	"accuracy_size_11": 0.984251968503937,
	"accuracy_size_12": 0.9947916666666666,
	"accuracy_size_13": 0.9928057553956835,
	"accuracy_size_14": 0.9870967741935484,
	"accuracy_size_15": 0.9672131147540983,
	"accuracy_size_16": 0.96,
	"accuracy_size_17": 1.0,
	"accuracy_size_2": 0.9142857142857143,
	"accuracy_size_3": 1.0,
	"accuracy_size_4": 1.0,
	"accuracy_size_5": 0.9714285714285714,
	"accuracy_size_6": 0.9966101694915255,
	"accuracy_size_7": 1.0,
	"accuracy_size_8": 0.9878048780487805,
	"accuracy_size_9": 0.9969040247678018,
	"data_proportion_size_10": 0.07892857142857143,
	"data_proportion_size_11": 0.09071428571428572,
	"data_proportion_size_12": 0.13714285714285715,
	"data_proportion_size_13": 0.09928571428571428,
	"data_proportion_size_14": 0.055357142857142855,
	"data_proportion_size_15": 0.021785714285714287,
	"data_proportion_size_16": 0.008928571428571428,
	"data_proportion_size_17": 0.0014285714285714286,
	"data_proportion_size_2": 0.0125,
	"data_proportion_size_3": 0.09964285714285714,
	"data_proportion_size_4": 0.025,
	"data_proportion_size_5": 0.0375,
	"data_proportion_size_6": 0.10535714285714286,
	"data_proportion_size_7": 0.0525,
	"data_proportion_size_8": 0.05857142857142857,
	"data_proportion_size_9": 0.11535714285714285,
	"eval_acc-1-con": 0.99,
	"eval_acc-10-con_con_con_con": 0.97,
	"eval_acc-11-con_con_con_incon": 0.96,
	"eval_acc-12-con_con_incon_incon": 1.0,
	"eval_acc-13-con_incon_incon_incon": 1.0,
	"eval_acc-14-incon_incon_incon_incon": 1.0,
	"eval_acc-2-incon": 0.995,
	"eval_acc-3-con_con": 0.995,
	"eval_acc-4-con_incon": 0.985,
	"eval_acc-5-incon_incon": 1.0,
	"eval_acc-6-con_con_con": 0.99,
	"eval_acc-7-con_con_incon": 0.98,
	"eval_acc-8-con_incon_incon": 1.0,
	"eval_acc-9-incon_incon_incon": 1.0,
	"eval_arbitrary_pairs_acc": 0.9924999999999999,
	"eval_auroc-1-con": 0,
	"eval_auroc-10-con_con_con_con": 0,
	"eval_auroc-11-con_con_con_incon": 0,
	"eval_auroc-12-con_con_incon_incon": 0,
	"eval_auroc-13-con_incon_incon_incon": 0,
	"eval_auroc-14-incon_incon_incon_incon": 0,
	"eval_auroc-2-incon": 0,
	"eval_auroc-3-con_con": 0,
	"eval_auroc-4-con_incon": 0,
	"eval_auroc-5-incon_incon": 0,
	"eval_auroc-6-con_con_con": 0,
	"eval_auroc-7-con_con_incon": 0,
	"eval_auroc-8-con_incon_incon": 0,
	"eval_auroc-9-incon_incon_incon": 0,
	"eval_concat2_acc": 0.9933333333333333,
	"eval_concat3_acc": 0.9924999999999999,
	"eval_concat4_acc": 1.2325,
	"eval_f1-1-con": 0,
	"eval_f1-10-con_con_con_con": 0,
	"eval_f1-11-con_con_con_incon": 0,
	"eval_f1-12-con_con_incon_incon": 0,
	"eval_f1-13-con_incon_incon_incon": 0,
	"eval_f1-14-incon_incon_incon_incon": 0,
	"eval_f1-2-incon": 0,
	"eval_f1-3-con_con": 0,
	"eval_f1-4-con_incon": 0,
	"eval_f1-5-incon_incon": 0,
	"eval_f1-6-con_con_con": 0,
	"eval_f1-7-con_con_incon": 0,
	"eval_f1-8-con_incon_incon": 0,
	"eval_f1-9-incon_incon_incon": 0,
	"eval_loss-1-con": 0,
	"eval_loss-10-con_con_con_con": 0,
	"eval_loss-11-con_con_con_incon": 0,
	"eval_loss-12-con_con_incon_incon": 0,
	"eval_loss-13-con_incon_incon_incon": 0,
	"eval_loss-14-incon_incon_incon_incon": 0,
	"eval_loss-2-incon": 0,
	"eval_loss-3-con_con": 0,
	"eval_loss-4-con_incon": 0,
	"eval_loss-5-incon_incon": 0,
	"eval_loss-6-con_con_con": 0,
	"eval_loss-7-con_con_incon": 0,
	"eval_loss-8-con_incon_incon": 0,
	"eval_loss-9-incon_incon_incon": 0,
	"eval_oracle_acc-1-con": 0,
	"eval_oracle_acc-10-con_con_con_con": 0,
	"eval_oracle_acc-11-con_con_con_incon": 0,
	"eval_oracle_acc-12-con_con_incon_incon": 0,
	"eval_oracle_acc-13-con_incon_incon_incon": 0,
	"eval_oracle_acc-14-incon_incon_incon_incon": 0,
	"eval_oracle_acc-2-incon": 0,
	"eval_oracle_acc-3-con_con": 0,
	"eval_oracle_acc-4-con_incon": 0,
	"eval_oracle_acc-5-incon_incon": 0,
	"eval_oracle_acc-6-con_con_con": 0,
	"eval_oracle_acc-7-con_con_incon": 0,
	"eval_oracle_acc-8-con_incon_incon": 0,
	"eval_oracle_acc-9-incon_incon_incon": 0,
	"eval_precision-1-con": 0,
	"eval_precision-10-con_con_con_con": 0,
	"eval_precision-11-con_con_con_incon": 0,
	"eval_precision-12-con_con_incon_incon": 0,
	"eval_precision-13-con_incon_incon_incon": 0,
	"eval_precision-14-incon_incon_incon_incon": 0,
	"eval_precision-2-incon": 0,
	"eval_precision-3-con_con": 0,
	"eval_precision-4-con_incon": 0,
	"eval_precision-5-incon_incon": 0,
	"eval_precision-6-con_con_con": 0,
	"eval_precision-7-con_con_incon": 0,
	"eval_precision-8-con_incon_incon": 0,
	"eval_precision-9-incon_incon_incon": 0,
	"eval_recall-1-con": 0,
	"eval_recall-10-con_con_con_con": 0,
	"eval_recall-11-con_con_con_incon": 0,
	"eval_recall-12-con_con_incon_incon": 0,
	"eval_recall-13-con_incon_incon_incon": 0,
	"eval_recall-14-incon_incon_incon_incon": 0,
	"eval_recall-2-incon": 0,
	"eval_recall-3-con_con": 0,
	"eval_recall-4-con_incon": 0,
	"eval_recall-5-incon_incon": 0,
	"eval_recall-6-con_con_con": 0,
	"eval_recall-7-con_con_incon": 0,
	"eval_recall-8-con_incon_incon": 0,
	"eval_recall-9-incon_incon_incon": 0,
	"eval_total_acc": 0.990357142857143,
	"time_seconds_size_10": 0.015413643547852116,
	"time_seconds_size_11": 0.015608636413033552,
	"time_seconds_size_12": 0.015879835312565167,
	"time_seconds_size_13": 0.01630626565260853,
	"time_seconds_size_14": 0.016651731921780495,
	"time_seconds_size_15": 0.01717431818852659,
	"time_seconds_size_16": 0.017793397903442382,
	"time_seconds_size_17": 0.017056643962860107,
	"time_seconds_size_2": 0.013346821921212332,
	"time_seconds_size_3": 0.013689507720290973,
	"time_seconds_size_4": 0.015955335753304618,
	"time_seconds_size_5": 0.014210778190976098,
	"time_seconds_size_6": 0.014538444906978283,
	"time_seconds_size_7": 0.014854032166150152,
	"time_seconds_size_8": 0.01501477491564867,
	"time_seconds_size_9": 0.015249394779972985
}