{
    "precision": 0.9895248759377977,
    "precision_threshold": 0.5010385662317263,
    "recall": 0.9895214388951341,
    "recall_threshold": 0.5010385662317263,
    "f1": 0.9895214205021339,
    "f1_threshold": 0.5010385662317263,
    "acc": 0.9895214388951341,
    "acc_threshold": 0.5010385662317263
}