{
	"accuracy_size_10": 0.7125984251968503,
	"accuracy_size_11": 0.7845528455284553,
	"accuracy_size_12": 0.8016528925619835,
	"accuracy_size_13": 0.8018018018018018,
	"accuracy_size_14": 0.7681159420289855,
	"accuracy_size_15": 0.7906976744186046,
	"accuracy_size_16": 0.8068181818181818,
	"accuracy_size_17": 0.8888888888888888,
	"accuracy_size_18": 0.7058823529411765,
	"accuracy_size_19": 1.0,
	"accuracy_size_2": 0.25,
	"accuracy_size_20": 1.0,
	"accuracy_size_3": 0.7205882352941176,
	"accuracy_size_4": 0.7131147540983607,
	"accuracy_size_5": 0.653179190751445,
	"accuracy_size_6": 0.7133757961783439,
	"accuracy_size_7": 0.6575342465753424,
	"accuracy_size_8": 0.7044334975369458,
	"accuracy_size_9": 0.7412280701754386,
	"data_proportion_size_10": 0.09071428571428572,
	"data_proportion_size_11": 0.08785714285714286,
	"data_proportion_size_12": 0.08642857142857142,
	"data_proportion_size_13": 0.07928571428571428,
	"data_proportion_size_14": 0.07392857142857143,
	"data_proportion_size_15": 0.04607142857142857,
	"data_proportion_size_16": 0.03142857142857143,
	"data_proportion_size_17": 0.01607142857142857,
	"data_proportion_size_18": 0.006071428571428571,
	"data_proportion_size_19": 0.002142857142857143,
	"data_proportion_size_2": 0.037142857142857144,
	"data_proportion_size_20": 0.0007142857142857143,
	"data_proportion_size_3": 0.04857142857142857,
	"data_proportion_size_4": 0.04357142857142857,
	"data_proportion_size_5": 0.061785714285714284,
	"data_proportion_size_6": 0.05607142857142857,
	"data_proportion_size_7": 0.07821428571428571,
	"data_proportion_size_8": 0.0725,
	"data_proportion_size_9": 0.08142857142857143,
	"eval_acc-1-con": 0.465,
	"eval_acc-10-con_con_con_con": 0.0,
	"eval_acc-11-con_con_con_incon": 1.0,
	"eval_acc-12-con_con_incon_incon": 1.0,
	"eval_acc-13-con_incon_incon_incon": 1.0,
	"eval_acc-14-incon_incon_incon_incon": 1.0,
	"eval_acc-2-incon": 0.735,
	"eval_acc-3-con_con": 0.0,
	"eval_acc-4-con_incon": 0.995,
	"eval_acc-5-incon_incon": 0.965,
	"eval_acc-6-con_con_con": 0.0,
	"eval_acc-7-con_con_incon": 0.995,
	"eval_acc-8-con_incon_incon": 0.995,
	"eval_acc-9-incon_incon_incon": 1.0,
	"eval_arbitrary_pairs_acc": 0.6,
	"eval_auroc-1-con": 0,
	"eval_auroc-10-con_con_con_con": 0,
	"eval_auroc-11-con_con_con_incon": 0,
	"eval_auroc-12-con_con_incon_incon": 0,
	"eval_auroc-13-con_incon_incon_incon": 0,
	"eval_auroc-14-incon_incon_incon_incon": 0,
	"eval_auroc-2-incon": 0,
	"eval_auroc-3-con_con": 0,
	"eval_auroc-4-con_incon": 0,
	"eval_auroc-5-incon_incon": 0,
	"eval_auroc-6-con_con_con": 0,
	"eval_auroc-7-con_con_incon": 0,
	"eval_auroc-8-con_incon_incon": 0,
	"eval_auroc-9-incon_incon_incon": 0,
	"eval_concat2_acc": 0.6533333333333333,
	"eval_concat3_acc": 0.7475,
	"eval_concat4_acc": 1.0,
	"eval_f1-1-con": 0,
	"eval_f1-10-con_con_con_con": 0,
	"eval_f1-11-con_con_con_incon": 0,
	"eval_f1-12-con_con_incon_incon": 0,
	"eval_f1-13-con_incon_incon_incon": 0,
	"eval_f1-14-incon_incon_incon_incon": 0,
	"eval_f1-2-incon": 0,
	"eval_f1-3-con_con": 0,
	"eval_f1-4-con_incon": 0,
	"eval_f1-5-incon_incon": 0,
	"eval_f1-6-con_con_con": 0,
	"eval_f1-7-con_con_incon": 0,
	"eval_f1-8-con_incon_incon": 0,
	"eval_f1-9-incon_incon_incon": 0,
	"eval_loss-1-con": 0,
	"eval_loss-10-con_con_con_con": 0,
	"eval_loss-11-con_con_con_incon": 0,
	"eval_loss-12-con_con_incon_incon": 0,
	"eval_loss-13-con_incon_incon_incon": 0,
	"eval_loss-14-incon_incon_incon_incon": 0,
	"eval_loss-2-incon": 0,
	"eval_loss-3-con_con": 0,
	"eval_loss-4-con_incon": 0,
	"eval_loss-5-incon_incon": 0,
	"eval_loss-6-con_con_con": 0,
	"eval_loss-7-con_con_incon": 0,
	"eval_loss-8-con_incon_incon": 0,
	"eval_loss-9-incon_incon_incon": 0,
	"eval_oracle_acc-1-con": 0,
	"eval_oracle_acc-10-con_con_con_con": 0,
	"eval_oracle_acc-11-con_con_con_incon": 0,
	"eval_oracle_acc-12-con_con_incon_incon": 0,
	"eval_oracle_acc-13-con_incon_incon_incon": 0,
	"eval_oracle_acc-14-incon_incon_incon_incon": 0,
	"eval_oracle_acc-2-incon": 0,
	"eval_oracle_acc-3-con_con": 0,
	"eval_oracle_acc-4-con_incon": 0,
	"eval_oracle_acc-5-incon_incon": 0,
	"eval_oracle_acc-6-con_con_con": 0,
	"eval_oracle_acc-7-con_con_incon": 0,
	"eval_oracle_acc-8-con_incon_incon": 0,
	"eval_oracle_acc-9-incon_incon_incon": 0,
	"eval_precision-1-con": 0,
	"eval_precision-10-con_con_con_con": 0,
	"eval_precision-11-con_con_con_incon": 0,
	"eval_precision-12-con_con_incon_incon": 0,
	"eval_precision-13-con_incon_incon_incon": 0,
	"eval_precision-14-incon_incon_incon_incon": 0,
	"eval_precision-2-incon": 0,
	"eval_precision-3-con_con": 0,
	"eval_precision-4-con_incon": 0,
	"eval_precision-5-incon_incon": 0,
	"eval_precision-6-con_con_con": 0,
	"eval_precision-7-con_con_incon": 0,
	"eval_precision-8-con_incon_incon": 0,
	"eval_precision-9-incon_incon_incon": 0,
	"eval_recall-1-con": 0,
	"eval_recall-10-con_con_con_con": 0,
	"eval_recall-11-con_con_con_incon": 0,
	"eval_recall-12-con_con_incon_incon": 0,
	"eval_recall-13-con_incon_incon_incon": 0,
	"eval_recall-14-incon_incon_incon_incon": 0,
	"eval_recall-2-incon": 0,
	"eval_recall-3-con_con": 0,
	"eval_recall-4-con_incon": 0,
	"eval_recall-5-incon_incon": 0,
	"eval_recall-6-con_con_con": 0,
	"eval_recall-7-con_con_incon": 0,
	"eval_recall-8-con_incon_incon": 0,
	"eval_recall-9-incon_incon_incon": 0,
	"eval_total_acc": 0.7249999999999999,
	"time_seconds_size_10": 0.06300869419818789,
	"time_seconds_size_11": 0.05811916521894253,
	"time_seconds_size_12": 0.04875927818708183,
	"time_seconds_size_13": 0.04640085632736619,
	"time_seconds_size_14": 0.05081789735434712,
	"time_seconds_size_15": 0.047416267468947774,
	"time_seconds_size_16": 0.045589726079594,
	"time_seconds_size_17": 0.03414100011189779,
	"time_seconds_size_18": 0.04543796707602108,
	"time_seconds_size_19": 0.023876150449117024,
	"time_seconds_size_2": 0.24391614015285784,
	"time_seconds_size_20": 0.04137825965881348,
	"time_seconds_size_3": 0.23862909394152024,
	"time_seconds_size_4": 0.18668351603336023,
	"time_seconds_size_5": 0.156412560126685,
	"time_seconds_size_6": 0.09352132013648938,
	"time_seconds_size_7": 0.094864159414213,
	"time_seconds_size_8": 0.09046392487774929,
	"time_seconds_size_9": 0.07032683125713415
}