{
    "prediction": {
        "all_in_one": {
            "accuracy_by_sizes": {
                "2": 0.6,
                "3": 0.5555555555555556,
                "4": 0.525,
                "5": 0.6554621848739496,
                "6": 0.6064516129032258,
                "7": 0.6621004566210046,
                "8": 0.6354679802955665,
                "9": 0.7192982456140351,
                "10": 0.6850393700787402,
                "11": 0.7845528455284553,
                "12": 0.8016528925619835,
                "13": 0.8018018018018018,
                "14": 0.7681159420289855,
                "15": 0.7906976744186046,
                "16": 0.8068181818181818,
                "17": 0.8888888888888888,
                "18": 0.7058823529411765,
                "19": 1.0,
                "20": 1.0
            },
            "accuracy_by_sizes-1-con": {
                "3": 0.7777777777777778,
                "2": 0.6,
                "5": 0.625,
                "4": 0.0,
                "6": 1.0
            },
            "accuracy_by_sizes-10-CCCC": {
                "15": 0.0,
                "12": 0.0,
                "14": 0.022222222222222223,
                "10": 0.2,
                "16": 0.0,
                "13": 0.0,
                "11": 0.16666666666666666,
                "17": 0.0,
                "18": 0.0,
                "8": 1.0,
                "9": 0.3333333333333333
            },
            "accuracy_by_sizes-11-CCCI": {
                "15": 1.0,
                "10": 0.7058823529411765,
                "17": 1.0,
                "11": 1.0,
                "13": 1.0,
                "14": 1.0,
                "20": 1.0,
                "12": 1.0,
                "9": 1.0,
                "16": 1.0,
                "18": 1.0,
                "19": 1.0
            },
            "accuracy_by_sizes-12-CCII": {
                "14": 0.9777777777777777,
                "12": 1.0,
                "11": 1.0,
                "15": 1.0,
                "16": 1.0,
                "13": 1.0,
                "9": 1.0,
                "17": 1.0,
                "10": 0.7692307692307693,
                "18": 1.0
            },
            "accuracy_by_sizes-13-CIII": {
                "10": 0.9166666666666666,
                "17": 1.0,
                "11": 1.0,
                "14": 1.0,
                "15": 1.0,
                "12": 1.0,
                "13": 1.0,
                "16": 1.0,
                "9": 1.0,
                "8": 1.0,
                "19": 1.0,
                "18": 1.0
            },
            "accuracy_by_sizes-14-IIII": {
                "10": 0.8181818181818182,
                "12": 1.0,
                "20": 1.0,
                "14": 1.0,
                "17": 1.0,
                "9": 1.0,
                "15": 1.0,
                "16": 1.0,
                "11": 0.9545454545454546,
                "13": 1.0,
                "19": 1.0,
                "18": 1.0
            },
            "accuracy_by_sizes-2-incon": {
                "3": 0.3333333333333333,
                "2": 0.6,
                "5": 1.0,
                "4": 1.0,
                "6": 0.0
            },
            "accuracy_by_sizes-3-CC": {
                "6": 0.40540540540540543,
                "7": 0.03508771929824561,
                "4": 0.4,
                "9": 0.10526315789473684,
                "5": 0.5833333333333334,
                "10": 0.0,
                "8": 0.21212121212121213
            },
            "accuracy_by_sizes-4-CI": {
                "6": 0.7254901960784313,
                "8": 0.8648648648648649,
                "5": 0.5483870967741935,
                "7": 0.9333333333333333,
                "10": 1.0,
                "4": 0.75,
                "9": 1.0,
                "11": 1.0
            },
            "accuracy_by_sizes-5-II": {
                "4": 0.42857142857142855,
                "9": 1.0,
                "8": 0.8846153846153846,
                "6": 0.5714285714285714,
                "5": 0.75,
                "7": 1.0,
                "10": 1.0
            },
            "accuracy_by_sizes-6-CCC": {
                "8": 0.36,
                "9": 0.02702702702702703,
                "13": 0.0,
                "12": 0.0,
                "11": 0.0,
                "7": 0.5,
                "10": 0.0,
                "15": 0.0,
                "14": 0.0,
                "6": 0.5
            },
            "accuracy_by_sizes-7-CCI": {
                "10": 1.0,
                "8": 0.625,
                "11": 0.9736842105263158,
                "9": 0.8611111111111112,
                "12": 1.0,
                "7": 0.8333333333333334,
                "6": 1.0,
                "13": 1.0,
                "14": 1.0,
                "15": 1.0
            },
            "accuracy_by_sizes-8-CII": {
                "9": 0.9047619047619048,
                "11": 0.9696969696969697,
                "6": 0.8888888888888888,
                "10": 1.0,
                "12": 1.0,
                "7": 0.8,
                "8": 0.8235294117647058,
                "14": 1.0,
                "13": 1.0,
                "15": 1.0
            },
            "accuracy_by_sizes-9-III": {
                "8": 0.7096774193548387,
                "12": 1.0,
                "13": 1.0,
                "9": 1.0,
                "10": 1.0,
                "11": 1.0,
                "7": 1.0,
                "14": 1.0,
                "6": 1.0,
                "15": 1.0
            },
            "prediction_accuracy-1-con": 0.6333333333333333,
            "prediction_accuracy-10-CCCC": 0.05,
            "prediction_accuracy-11-CCCI": 0.975,
            "prediction_accuracy-12-CCII": 0.98,
            "prediction_accuracy-13-CIII": 0.995,
            "prediction_accuracy-14-IIII": 0.985,
            "prediction_accuracy-2-incon": 0.6333333333333333,
            "prediction_accuracy-3-CC": 0.255,
            "prediction_accuracy-4-CI": 0.805,
            "prediction_accuracy-5-II": 0.795,
            "prediction_accuracy-6-CCC": 0.105,
            "prediction_accuracy-7-CCI": 0.895,
            "prediction_accuracy-8-CII": 0.935,
            "prediction_accuracy-9-III": 0.955,
            "set_sizes": {
                "2": 20,
                "3": 18,
                "4": 40,
                "5": 119,
                "6": 155,
                "7": 219,
                "8": 203,
                "9": 228,
                "10": 254,
                "11": 246,
                "12": 242,
                "13": 222,
                "14": 207,
                "15": 129,
                "16": 88,
                "17": 45,
                "18": 17,
                "19": 6,
                "20": 2
            },
            "set_sizes-1-con": {
                "3": 9,
                "2": 10,
                "5": 8,
                "4": 2,
                "6": 1
            },
            "set_sizes-10-CCCC": {
                "15": 25,
                "12": 31,
                "14": 45,
                "10": 20,
                "16": 17,
                "13": 30,
                "11": 18,
                "17": 5,
                "18": 5,
                "8": 1,
                "9": 3
            },
            "set_sizes-11-CCCI": {
                "15": 25,
                "10": 17,
                "17": 9,
                "11": 24,
                "13": 34,
                "14": 39,
                "20": 1,
                "12": 24,
                "9": 9,
                "16": 13,
                "18": 4,
                "19": 1
            },
            "set_sizes-12-CCII": {
                "14": 45,
                "12": 32,
                "11": 25,
                "15": 21,
                "16": 22,
                "13": 28,
                "9": 6,
                "17": 6,
                "10": 13,
                "18": 2
            },
            "set_sizes-13-CIII": {
                "10": 12,