{
    "prediction": {
        "all_in_one": {
            "accuracy_by_sizes": {
                "2": 0.25,
                "3": 0.5111111111111111,
                "4": 0.4375,
                "5": 0.5476190476190477,
                "6": 0.3559322033898305,
                "7": 0.272108843537415,
                "8": 0.3597560975609756,
                "9": 0.25077399380804954,
                "10": 0.22171945701357465,
                "11": 0.23622047244094488,
                "12": 0.21875,
                "13": 0.14388489208633093,
                "14": 0.16129032258064516,
                "15": 0.13114754098360656,
                "16": 0.08,
                "17": 0.0
            },
            "accuracy_by_sizes-1-con": {
                "4": 0.3333333333333333,
                "3": 0.047619047619047616,
                "2": 0.0
            },
            "accuracy_by_sizes-10-CCCC": {
                "12": 1.0,
                "11": 1.0,
                "10": 1.0,
                "14": 1.0,
                "13": 1.0,
                "16": 1.0,
                "15": 1.0,
                "9": 1.0
            },
            "accuracy_by_sizes-11-CCCI": {
                "16": 0.0,
                "13": 0.0,
                "11": 0.0,
                "10": 0.0,
                "14": 0.0,
                "12": 0.0,
                "15": 0.0,
                "9": 0.0
            },
            "accuracy_by_sizes-12-CCII": {
                "12": 0.0,
                "13": 0.0,
                "14": 0.0,
                "15": 0.0,
                "11": 0.0,
                "16": 0.0,
                "10": 0.0
            },
            "accuracy_by_sizes-13-CIII": {
                "12": 0.0,
                "16": 0.0,
                "13": 0.0,
                "14": 0.0,
                "15": 0.0,
                "11": 0.0,
                "17": 0.0,
                "10": 0.0
            },
            "accuracy_by_sizes-14-IIII": {
                "12": 0.0,
                "14": 0.0,
                "13": 0.0,
                "15": 0.0,
                "16": 0.0,
                "17": 0.0,
                "11": 0.0
            },
            "accuracy_by_sizes-2-incon": {
                "2": 1.0,
                "3": 0.9166666666666666,
                "5": 0.0,
                "4": 0.3333333333333333
            },
            "accuracy_by_sizes-3-CC": {
                "6": 1.0,
                "5": 0.9166666666666666,
                "8": 1.0,
                "7": 1.0,
                "9": 1.0,
                "4": 0.6,
                "10": 1.0
            },
            "accuracy_by_sizes-4-CI": {
                "8": 0.0,
                "5": 0.037037037037037035,
                "7": 0.0,
                "6": 0.030927835051546393,
                "9": 0.0,
                "4": 0.0,
                "10": 0.0
            },
            "accuracy_by_sizes-5-II": {
                "6": 0.030303030303030304,
                "7": 0.0,
                "8": 0.0,
                "9": 0.0,
                "5": 0.14285714285714285,
                "10": 0.0,
                "4": 1.0
            },
            "accuracy_by_sizes-6-CCC": {
                "9": 1.0,
                "10": 1.0,
                "8": 1.0,
                "11": 1.0,
                "13": 1.0,
                "12": 1.0,
                "7": 1.0
            },
            "accuracy_by_sizes-7-CCI": {
                "9": 0.0,
                "8": 0.0,
                "10": 0.0,
                "11": 0.0,
                "12": 0.0,
                "13": 0.0,
                "7": 0.0
            },
            "accuracy_by_sizes-8-CII": {
                "11": 0.0,
                "10": 0.0,
                "8": 0.0,
                "9": 0.0,
                "13": 0.0,
                "12": 0.0,
                "7": 0.0
            },
            "accuracy_by_sizes-9-III": {
                "11": 0.0,
                "12": 0.0,
                "10": 0.0,
                "9": 0.0,
                "8": 0.0,
                "13": 0.0
            },
            "prediction_accuracy-1-con": 0.1,
            "prediction_accuracy-10-CCCC": 1.0,
            "prediction_accuracy-11-CCCI": 0.0,
            "prediction_accuracy-12-CCII": 0.0,
            "prediction_accuracy-13-CIII": 0.0,
            "prediction_accuracy-14-IIII": 0.0,
            "prediction_accuracy-2-incon": 0.8,
            "prediction_accuracy-3-CC": 0.97,
            "prediction_accuracy-4-CI": 0.02,
            "prediction_accuracy-5-II": 0.025,
            "prediction_accuracy-6-CCC": 1.0,
            "prediction_accuracy-7-CCI": 0.0,
            "prediction_accuracy-8-CII": 0.0,
            "prediction_accuracy-9-III": 0.0,
            "set_sizes": {
                "2": 4,
                "3": 45,
                "4": 16,
                "5": 84,
                "6": 295,
                "7": 147,
                "8": 164,
                "9": 323,
                "10": 221,
                "11": 254,
                "12": 384,
                "13": 278,
                "14": 155,
                "15": 61,
                "16": 25,
                "17": 4
            },
            "set_sizes-1-con": {
                "4": 6,
                "3": 21,
                "2": 3
            },
            "set_sizes-10-CCCC": {
                "12": 76,
                "11": 41,
                "10": 9,
                "14": 25,
                "13": 38,
                "16": 2,
                "15": 8,
                "9": 1
            },
            "set_sizes-11-CCCI": {
                "16": 3,
                "13": 45,
                "11": 41,
                "10": 8,
                "14": 26,
                "12": 63,
                "15": 13,
                "9": 1
            },
            "set_sizes-12-CCII": {
                "12": 69,
                "13": 53,
                "14": 29,
                "15": 15,
                "11": 21,
                "16": 7,
                "10": 6
            },
            "set_sizes-13-CIII": {
                "12": 59,
                "16": 7,
                "13": 65,
                "14": 38,
                "15": 16,
                "11": 13,
                "17": 1,
                "10": 1
            },
            "set_sizes-14-IIII": {
                "12": 77,
                "14": 37,
                "13": 65,
                "15": 9,
                "16": 6,
                "17": 3,
                "11": 3
            },
            "set_sizes-2-incon": {
                "2": 1,
                "3": 24,
                "5": 2,
                "4": 3
            },
            "set_sizes-3-CC": {
                "6": 99,
                "5": 48,
                "8": 11,
                "7": 32,
                "9": 4,
                "4": 5,
                "10": 1
            },
            "set_sizes-4-CI": {
                "8": 23,
                "5": 27,
                "7": 45,
                "6": 97,
                "9": 6,
                "4": 1,
                "10": 1
            },
            "set_sizes-5-II": {
                "6": 99,
                "7": 57,
                "8": 26,
                "9": 8,
                "5": 7,
                "10": 2,
                "4": 1
            },
            "set_sizes-6-CCC": {
                "9": 76,
                "10": 39,
                "8": 48,
                "11": 19,
                "13": 2,
                "12": 8,
                "7": 8
            },
            "set_sizes-7-CCI": {
                "9": 77,
                "8": 29,
                "10": 50,
                "11": 30,
                "12": 8,
                "13": 2,
                "7": 4
            },
            "set_sizes-8-CII": {
                "11": 40,
                "10": 56,
                "8": 19,
                "9": 73,
                "13": 5,
                "12": 6,