{
    "prediction": {
        "all_in_one": {
            "accuracy_by_sizes": {
                "2": 0.85,
                "3": 0.8888888888888888,
                "4": 0.75,
                "5": 0.6134453781512605,
                "6": 0.4064516129032258,
                "7": 0.4383561643835616,
                "8": 0.4187192118226601,
                "9": 0.43859649122807015,
                "10": 0.452755905511811,
                "11": 0.508130081300813,
                "12": 0.5661157024793388,
                "13": 0.6126126126126126,
                "14": 0.6666666666666666,
                "15": 0.689922480620155,
                "16": 0.6931818181818182,
                "17": 0.6888888888888889,
                "18": 0.6470588235294118,
                "19": 0.6666666666666666,
                "20": 0.5
            },
            "accuracy_by_sizes-1-con": {
                "3": 0.8888888888888888,
                "2": 0.8,
                "5": 0.875,
                "4": 1.0,
                "6": 1.0
            },
            "accuracy_by_sizes-10-CCCC": {
                "15": 0.64,
                "12": 0.7741935483870968,
                "14": 0.5777777777777777,
                "10": 0.95,
                "16": 0.6470588235294118,
                "13": 0.5333333333333333,
                "11": 0.8888888888888888,
                "17": 0.6,
                "18": 0.2,
                "8": 1.0,
                "9": 1.0
            },
            "accuracy_by_sizes-11-CCCI": {
                "15": 0.64,
                "10": 0.0,
                "17": 0.7777777777777778,
                "11": 0.125,
                "13": 0.4117647058823529,
                "14": 0.6153846153846154,
                "20": 0.0,
                "12": 0.20833333333333334,
                "9": 0.2222222222222222,
                "16": 0.3076923076923077,
                "18": 0.75,
                "19": 1.0
            },
            "accuracy_by_sizes-12-CCII": {
                "14": 0.5555555555555556,
                "12": 0.28125,
                "11": 0.16,
                "15": 0.6666666666666666,
                "16": 0.8636363636363636,
                "13": 0.4642857142857143,
                "9": 0.0,
                "17": 0.8333333333333334,
                "10": 0.07692307692307693,
                "18": 1.0
            },
            "accuracy_by_sizes-13-CIII": {
                "10": 0.0,
                "17": 0.5384615384615384,
                "11": 0.4375,
                "14": 0.6666666666666666,
                "15": 0.7142857142857143,
                "12": 0.3888888888888889,
                "13": 0.7560975609756098,
                "16": 0.7391304347826086,
                "9": 0.0,
                "8": 1.0,
                "19": 0.6666666666666666,
                "18": 1.0
            },
            "accuracy_by_sizes-14-IIII": {
                "10": 0.09090909090909091,
                "12": 0.41379310344827586,
                "20": 1.0,
                "14": 0.8285714285714286,
                "17": 0.75,
                "9": 0.3333333333333333,
                "15": 0.8125,
                "16": 0.7692307692307693,
                "11": 0.3181818181818182,
                "13": 0.5454545454545454,
                "19": 0.5,
                "18": 0.75
            },
            "accuracy_by_sizes-2-incon": {
                "3": 0.8888888888888888,
                "2": 0.9,
                "5": 0.25,
                "4": 0.0,
                "6": 0.0
            },
            "accuracy_by_sizes-3-CC": {
                "6": 0.972972972972973,
                "7": 0.9122807017543859,
                "4": 0.8,
                "9": 1.0,
                "5": 0.9166666666666666,
                "10": 1.0,
                "8": 1.0
            },
            "accuracy_by_sizes-4-CI": {
                "6": 0.1568627450980392,
                "8": 0.24324324324324326,
                "5": 0.45161290322580644,
                "7": 0.15555555555555556,
                "10": 0.4444444444444444,
                "4": 0.5833333333333334,
                "9": 0.3076923076923077,
                "11": 1.0
            },
            "accuracy_by_sizes-5-II": {
                "4": 0.9285714285714286,
                "9": 0.3684210526315789,
                "8": 0.2692307692307692,
                "6": 0.14285714285714285,
                "5": 0.4722222222222222,
                "7": 0.22,
                "10": 0.6666666666666666
            },
            "accuracy_by_sizes-6-CCC": {
                "8": 0.96,
                "9": 0.918918918918919,
                "13": 0.42857142857142855,
                "12": 0.4117647058823529,
                "11": 0.42857142857142855,
                "7": 0.9444444444444444,
                "10": 0.8,
                "15": 0.0,
                "14": 1.0,
                "6": 1.0
            },
            "accuracy_by_sizes-7-CCI": {
                "10": 0.0975609756097561,
                "8": 0.0625,
                "11": 0.5526315789473685,
                "9": 0.2222222222222222,
                "12": 0.9523809523809523,
                "7": 0.16666666666666666,
                "6": 1.0,
                "13": 0.8888888888888888,
                "14": 1.0,
                "15": 1.0
            },
            "accuracy_by_sizes-8-CII": {
                "9": 0.2857142857142857,
                "11": 0.7575757575757576,
                "6": 0.4444444444444444,
                "10": 0.5151515151515151,
                "12": 0.8,
                "7": 0.1,
                "8": 0.29411764705882354,
                "14": 1.0,
                "13": 0.9333333333333333,
                "15": 1.0
            },
            "accuracy_by_sizes-9-III": {
                "8": 0.0967741935483871,
                "12": 0.9629629629629629,
                "13": 0.8888888888888888,
                "9": 0.2727272727272727,
                "10": 0.5384615384615384,
                "11": 0.7575757575757576,
                "7": 0.36363636363636365,
                "14": 1.0,
                "6": 1.0,
                "15": 0.0
            },
            "prediction_accuracy-1-con": 0.8666666666666667,
            "prediction_accuracy-10-CCCC": 0.68,
            "prediction_accuracy-11-CCCI": 0.395,
            "prediction_accuracy-12-CCII": 0.46,
            "prediction_accuracy-13-CIII": 0.57,
            "prediction_accuracy-14-IIII": 0.595,
            "prediction_accuracy-2-incon": 0.6333333333333333,
            "prediction_accuracy-3-CC": 0.945,
            "prediction_accuracy-4-CI": 0.275,
            "prediction_accuracy-5-II": 0.33,
            "prediction_accuracy-6-CCC": 0.73,
            "prediction_accuracy-7-CCI": 0.355,
            "prediction_accuracy-8-CII": 0.525,
            "prediction_accuracy-9-III": 0.555,
            "set_sizes": {
                "2": 20,
                "3": 18,
                "4": 40,
                "5": 119,
                "6": 155,
                "7": 219,
                "8": 203,
                "9": 228,
                "10": 254,
                "11": 246,
                "12": 242,
                "13": 222,
                "14": 207,
                "15": 129,
                "16": 88,
                "17": 45,
                "18": 17,
                "19": 6,
                "20": 2
            },
            "set_sizes-1-con": {
                "3": 9,
                "2": 10,
                "5": 8,
                "4": 2,
                "6": 1
            },
            "set_sizes-10-CCCC": {
                "15": 25,
                "12": 31,
                "14": 45,
                "10": 20,
                "16": 17,
                "13": 30,
                "11": 18,
                "17": 5,
                "18": 5,
                "8": 1,
                "9": 3
            },
            "set_sizes-11-CCCI": {
                "15": 25,