{
    "prediction": {
        "all_in_one": {
            "accuracy_by_sizes": {
                "2": 0.5,
                "3": 0.5,
                "4": 0.725,
                "5": 0.5546218487394958,
                "6": 0.3548387096774194,
                "7": 0.3789954337899543,
                "8": 0.30049261083743845,
                "9": 0.2807017543859649,
                "10": 0.3425196850393701,
                "11": 0.21951219512195122,
                "12": 0.2231404958677686,
                "13": 0.24324324324324326,
                "14": 0.2318840579710145,
                "15": 0.21705426356589147,
                "16": 0.20454545454545456,
                "17": 0.1111111111111111,
                "18": 0.35294117647058826,
                "19": 0.0,
                "20": 0.0
            },
            "accuracy_by_sizes-1-con": {
                "3": 0.0,
                "2": 0.0,
                "5": 0.375,
                "4": 0.0,
                "6": 1.0
            },
            "accuracy_by_sizes-10-CCCC": {
                "15": 1.0,
                "12": 1.0,
                "14": 0.8444444444444444,
                "10": 0.95,
                "16": 1.0,
                "13": 0.9333333333333333,
                "11": 0.9444444444444444,
                "17": 1.0,
                "18": 1.0,
                "8": 1.0,
                "9": 1.0
            },
            "accuracy_by_sizes-11-CCCI": {
                "15": 0.0,
                "10": 0.0,
                "17": 0.0,
                "11": 0.0,
                "13": 0.14705882352941177,
                "14": 0.07692307692307693,
                "20": 0.0,
                "12": 0.0,
                "9": 0.1111111111111111,
                "16": 0.0,
                "18": 0.0,
                "19": 0.0
            },
            "accuracy_by_sizes-12-CCII": {
                "14": 0.06666666666666667,
                "12": 0.03125,
                "11": 0.0,
                "15": 0.0,
                "16": 0.0,
                "13": 0.07142857142857142,
                "9": 0.0,
                "17": 0.0,
                "10": 0.07692307692307693,
                "18": 0.0
            },
            "accuracy_by_sizes-13-CIII": {
                "10": 0.4166666666666667,
                "17": 0.0,
                "11": 0.0,
                "14": 0.037037037037037035,
                "15": 0.0,
                "12": 0.08333333333333333,
                "13": 0.0975609756097561,
                "16": 0.0,
                "9": 0.0,
                "8": 0.0,
                "19": 0.0,
                "18": 0.5
            },
            "accuracy_by_sizes-14-IIII": {
                "10": 0.09090909090909091,
                "12": 0.06896551724137931,
                "20": 0.0,
                "14": 0.0,
                "17": 0.0,
                "9": 0.0,
                "15": 0.03125,
                "16": 0.07692307692307693,
                "11": 0.09090909090909091,
                "13": 0.030303030303030304,
                "19": 0.0,
                "18": 0.0
            },
            "accuracy_by_sizes-2-incon": {
                "3": 1.0,
                "2": 1.0,
                "5": 0.75,
                "4": 1.0,
                "6": 0.0
            },
            "accuracy_by_sizes-3-CC": {
                "6": 0.8378378378378378,
                "7": 0.8245614035087719,
                "4": 0.2,
                "9": 1.0,
                "5": 0.6388888888888888,
                "10": 1.0,
                "8": 0.9090909090909091
            },
            "accuracy_by_sizes-4-CI": {
                "6": 0.17647058823529413,
                "8": 0.05405405405405406,
                "5": 0.3548387096774194,
                "7": 0.1111111111111111,
                "10": 0.1111111111111111,
                "4": 0.9166666666666666,
                "9": 0.07692307692307693,
                "11": 0.0
            },
            "accuracy_by_sizes-5-II": {
                "4": 1.0,
                "9": 0.05263157894736842,
                "8": 0.038461538461538464,
                "6": 0.14285714285714285,
                "5": 0.6388888888888888,
                "7": 0.16,
                "10": 0.0
            },
            "accuracy_by_sizes-6-CCC": {
                "8": 1.0,
                "9": 1.0,
                "13": 1.0,
                "12": 0.9411764705882353,
                "11": 0.9714285714285714,
                "7": 0.9444444444444444,
                "10": 0.9777777777777777,
                "15": 1.0,
                "14": 1.0,
                "6": 1.0
            },
            "accuracy_by_sizes-7-CCI": {
                "10": 0.04878048780487805,
                "8": 0.0,
                "11": 0.02631578947368421,
                "9": 0.027777777777777776,
                "12": 0.0,
                "7": 0.05555555555555555,
                "6": 0.0,
                "13": 0.0,
                "14": 0.0,
                "15": 0.0
            },
            "accuracy_by_sizes-8-CII": {
                "9": 0.023809523809523808,
                "11": 0.0,
                "6": 0.3333333333333333,
                "10": 0.06060606060606061,
                "12": 0.0,
                "7": 0.05,
                "8": 0.058823529411764705,
                "14": 0.0,
                "13": 0.0,
                "15": 0.0
            },
            "accuracy_by_sizes-9-III": {
                "8": 0.03225806451612903,
                "12": 0.037037037037037035,
                "13": 0.0,
                "9": 0.0,
                "10": 0.10256410256410256,
                "11": 0.0,
                "7": 0.36363636363636365,
                "14": 0.0,
                "6": 0.0,
                "15": 0.0
            },
            "prediction_accuracy-1-con": 0.13333333333333333,
            "prediction_accuracy-10-CCCC": 0.945,
            "prediction_accuracy-11-CCCI": 0.045,
            "prediction_accuracy-12-CCII": 0.035,
            "prediction_accuracy-13-CIII": 0.07,
            "prediction_accuracy-14-IIII": 0.04,
            "prediction_accuracy-2-incon": 0.9,
            "prediction_accuracy-3-CC": 0.8,
            "prediction_accuracy-4-CI": 0.2,
            "prediction_accuracy-5-II": 0.27,
            "prediction_accuracy-6-CCC": 0.98,
            "prediction_accuracy-7-CCI": 0.025,
            "prediction_accuracy-8-CII": 0.04,
            "prediction_accuracy-9-III": 0.05,
            "set_sizes": {
                "2": 20,
                "3": 18,
                "4": 40,
                "5": 119,
                "6": 155,
                "7": 219,
                "8": 203,
                "9": 228,
                "10": 254,
                "11": 246,
                "12": 242,
                "13": 222,
                "14": 207,
                "15": 129,
                "16": 88,
                "17": 45,
                "18": 17,
                "19": 6,
                "20": 2
            },
            "set_sizes-1-con": {
                "3": 9,
                "2": 10,
                "5": 8,
                "4": 2,
                "6": 1
            },
            "set_sizes-10-CCCC": {
                "15": 25,
                "12": 31,
                "14": 45,
                "10": 20,
                "16": 17,
                "13": 30,
                "11": 18,
                "17": 5,
                "18": 5,
                "8": 1,
                "9": 3
            },
            "set_sizes-11-CCCI": {
                "15": 25,
                "10": 17,
                "17": 9,
                "11": 24,
                "13": 34,
                "14": 39,
                "20": 1,
                "12": 24,
                "9": 9,
                "16": 13,
                "18": 4,
                "19": 1
            },
            "set_sizes-12-CCII": {
                "14": 45,
                "12": 32,
                "11": 25,