{
    "prediction": {
        "all_in_one": {
            "accuracy_by_sizes": {
                "2": 0.5,
                "3": 0.5,
                "4": 0.75,
                "5": 0.5378151260504201,
                "6": 0.32903225806451614,
                "7": 0.3744292237442922,
                "8": 0.2955665024630542,
                "9": 0.27631578947368424,
                "10": 0.35039370078740156,
                "11": 0.22764227642276422,
                "12": 0.23140495867768596,
                "13": 0.25225225225225223,
                "14": 0.26570048309178745,
                "15": 0.21705426356589147,
                "16": 0.2159090909090909,
                "17": 0.1111111111111111,
                "18": 0.35294117647058826,
                "19": 0.0,
                "20": 0.0
            },
            "accuracy_by_sizes-1-con": {
                "3": 0.0,
                "2": 0.0,
                "5": 0.5,
                "4": 0.0,
                "6": 1.0
            },
            "accuracy_by_sizes-10-CCCC": {
                "15": 1.0,
                "12": 1.0,
                "14": 0.8666666666666667,
                "10": 1.0,
                "16": 1.0,
                "13": 0.8666666666666667,
                "11": 0.9444444444444444,
                "17": 1.0,
                "18": 1.0,
                "8": 1.0,
                "9": 1.0
            },
            "accuracy_by_sizes-11-CCCI": {
                "15": 0.0,
                "10": 0.058823529411764705,
                "17": 0.0,
                "11": 0.041666666666666664,
                "13": 0.17647058823529413,
                "14": 0.10256410256410256,
                "20": 0.0,
                "12": 0.0,
                "9": 0.1111111111111111,
                "16": 0.0,
                "18": 0.0,
                "19": 0.0
            },
            "accuracy_by_sizes-12-CCII": {
                "14": 0.06666666666666667,
                "12": 0.03125,
                "11": 0.04,
                "15": 0.047619047619047616,
                "16": 0.0,
                "13": 0.10714285714285714,
                "9": 0.0,
                "17": 0.0,
                "10": 0.15384615384615385,
                "18": 0.0
            },
            "accuracy_by_sizes-13-CIII": {
                "10": 0.25,
                "17": 0.0,
                "11": 0.0,
                "14": 0.07407407407407407,
                "15": 0.0,
                "12": 0.08333333333333333,
                "13": 0.0975609756097561,
                "16": 0.043478260869565216,
                "9": 0.0,
                "8": 0.0,
                "19": 0.0,
                "18": 0.5
            },
            "accuracy_by_sizes-14-IIII": {
                "10": 0.09090909090909091,
                "12": 0.10344827586206896,
                "20": 0.0,
                "14": 0.11428571428571428,
                "17": 0.0,
                "9": 0.0,
                "15": 0.0,
                "16": 0.07692307692307693,
                "11": 0.09090909090909091,
                "13": 0.09090909090909091,
                "19": 0.0,
                "18": 0.0
            },
            "accuracy_by_sizes-2-incon": {
                "3": 1.0,
                "2": 1.0,
                "5": 0.75,
                "4": 1.0,
                "6": 0.0
            },
            "accuracy_by_sizes-3-CC": {
                "6": 0.8378378378378378,
                "7": 0.8421052631578947,
                "4": 0.3,
                "9": 1.0,
                "5": 0.6388888888888888,
                "10": 1.0,
                "8": 0.9090909090909091
            },
            "accuracy_by_sizes-4-CI": {
                "6": 0.11764705882352941,
                "8": 0.02702702702702703,
                "5": 0.2903225806451613,
                "7": 0.08888888888888889,
                "10": 0.0,
                "4": 0.9166666666666666,
                "9": 0.07692307692307693,
                "11": 0.0
            },
            "accuracy_by_sizes-5-II": {
                "4": 1.0,
                "9": 0.0,
                "8": 0.038461538461538464,
                "6": 0.10204081632653061,
                "5": 0.6111111111111112,
                "7": 0.12,
                "10": 0.0
            },
            "accuracy_by_sizes-6-CCC": {
                "8": 1.0,
                "9": 1.0,
                "13": 1.0,
                "12": 0.9411764705882353,
                "11": 0.9428571428571428,
                "7": 0.9444444444444444,
                "10": 1.0,
                "15": 1.0,
                "14": 1.0,
                "6": 1.0
            },
            "accuracy_by_sizes-7-CCI": {
                "10": 0.0975609756097561,
                "8": 0.03125,
                "11": 0.02631578947368421,
                "9": 0.027777777777777776,
                "12": 0.0,
                "7": 0.16666666666666666,
                "6": 0.0,
                "13": 0.0,
                "14": 0.0,
                "15": 0.0
            },
            "accuracy_by_sizes-8-CII": {
                "9": 0.0,
                "11": 0.0,
                "6": 0.4444444444444444,
                "10": 0.06060606060606061,
                "12": 0.04,
                "7": 0.1,
                "8": 0.058823529411764705,
                "14": 0.0,
                "13": 0.0,
                "15": 0.0
            },
            "accuracy_by_sizes-9-III": {
                "8": 0.0,
                "12": 0.037037037037037035,
                "13": 0.0,
                "9": 0.030303030303030304,
                "10": 0.07692307692307693,
                "11": 0.030303030303030304,
                "7": 0.18181818181818182,
                "14": 0.0,
                "6": 0.0,
                "15": 0.0
            },
            "prediction_accuracy-1-con": 0.16666666666666666,
            "prediction_accuracy-10-CCCC": 0.945,
            "prediction_accuracy-11-CCCI": 0.065,
            "prediction_accuracy-12-CCII": 0.055,
            "prediction_accuracy-13-CIII": 0.07,
            "prediction_accuracy-14-IIII": 0.07,
            "prediction_accuracy-2-incon": 0.9,
            "prediction_accuracy-3-CC": 0.81,
            "prediction_accuracy-4-CI": 0.16,
            "prediction_accuracy-5-II": 0.24,
            "prediction_accuracy-6-CCC": 0.98,
            "prediction_accuracy-7-CCI": 0.05,
            "prediction_accuracy-8-CII": 0.05,
            "prediction_accuracy-9-III": 0.04,
            "set_sizes": {
                "2": 20,
                "3": 18,
                "4": 40,
                "5": 119,
                "6": 155,
                "7": 219,
                "8": 203,
                "9": 228,
                "10": 254,
                "11": 246,
                "12": 242,
                "13": 222,
                "14": 207,
                "15": 129,
                "16": 88,
                "17": 45,
                "18": 17,
                "19": 6,
                "20": 2
            },
            "set_sizes-1-con": {
                "3": 9,
                "2": 10,
                "5": 8,
                "4": 2,
                "6": 1
            },
            "set_sizes-10-CCCC": {
                "15": 25,
                "12": 31,
                "14": 45,
                "10": 20,
                "16": 17,
                "13": 30,
                "11": 18,
                "17": 5,
                "18": 5,
                "8": 1,
                "9": 3
            },
            "set_sizes-11-CCCI": {
                "15": 25,
                "10": 17,
                "17": 9,
                "11": 24,
                "13": 34,
                "14": 39,
                "20": 1,
                "12": 24,
                "9": 9,
                "16": 13,
                "18": 4,
                "19": 1
            },
            "set_sizes-12-CCII": {
                "14": 45,
                "12": 32,