{
    "prediction": {
        "all_in_one": {
            "accuracy_by_sizes": {
                "2": 1.0,
                "3": 0.6666666666666666,
                "4": 0.5625,
                "5": 0.6785714285714286,
                "6": 0.6610169491525424,
                "7": 0.7687074829931972,
                "8": 0.6585365853658537,
                "9": 0.7368421052631579,
                "10": 0.7918552036199095,
                "11": 0.7598425196850394,
                "12": 0.7057291666666666,
                "13": 0.841726618705036,
                "14": 0.832258064516129,
                "15": 0.8032786885245902,
                "16": 0.92,
                "17": 1.0
            },
            "accuracy_by_sizes-1-con": {
                "4": 0.0,
                "3": 0.5238095238095238,
                "2": 1.0
            },
            "accuracy_by_sizes-10-CCCC": {
                "12": 0.11842105263157894,
                "11": 0.17073170731707318,
                "10": 0.5555555555555556,
                "14": 0.12,
                "13": 0.21052631578947367,
                "16": 0.5,
                "15": 0.125,
                "9": 0.0
            },
            "accuracy_by_sizes-11-CCCI": {
                "16": 1.0,
                "13": 0.8888888888888888,
                "11": 0.8780487804878049,
                "10": 0.75,
                "14": 0.9230769230769231,
                "12": 0.8571428571428571,
                "15": 0.8461538461538461,
                "9": 1.0
            },
            "accuracy_by_sizes-12-CCII": {
                "12": 0.8840579710144928,
                "13": 0.8679245283018868,
                "14": 0.9655172413793104,
                "15": 0.8666666666666667,
                "11": 0.9523809523809523,
                "16": 0.8571428571428571,
                "10": 0.6666666666666666
            },
            "accuracy_by_sizes-13-CIII": {
                "12": 0.847457627118644,
                "16": 1.0,
                "13": 1.0,
                "14": 1.0,
                "15": 0.9375,
                "11": 1.0,
                "17": 1.0,
                "10": 1.0
            },
            "accuracy_by_sizes-14-IIII": {
                "12": 0.8441558441558441,
                "14": 0.972972972972973,
                "13": 1.0,
                "15": 1.0,
                "16": 1.0,
                "17": 1.0,
                "11": 0.6666666666666666
            },
            "accuracy_by_sizes-2-incon": {
                "2": 1.0,
                "3": 0.7916666666666666,
                "5": 1.0,
                "4": 1.0
            },
            "accuracy_by_sizes-3-CC": {
                "6": 0.12121212121212122,
                "5": 0.5,
                "8": 0.0,
                "7": 0.0625,
                "9": 0.0,
                "4": 0.8,
                "10": 0.0
            },
            "accuracy_by_sizes-4-CI": {
                "8": 0.9565217391304348,
                "5": 0.8888888888888888,
                "7": 0.9555555555555556,
                "6": 0.9381443298969072,
                "9": 0.8333333333333334,
                "4": 1.0,
                "10": 1.0
            },
            "accuracy_by_sizes-5-II": {
                "6": 0.9292929292929293,
                "7": 1.0,
                "8": 0.9615384615384616,
                "9": 1.0,
                "5": 1.0,
                "10": 1.0,
                "4": 1.0
            },
            "accuracy_by_sizes-6-CCC": {
                "9": 0.14473684210526316,
                "10": 0.1282051282051282,
                "8": 0.16666666666666666,
                "11": 0.05263157894736842,
                "13": 0.0,
                "12": 0.125,
                "7": 0.75
            },
            "accuracy_by_sizes-7-CCI": {
                "9": 0.922077922077922,
                "8": 0.896551724137931,
                "10": 0.96,
                "11": 1.0,
                "12": 0.875,
                "13": 1.0,
                "7": 1.0
            },
            "accuracy_by_sizes-8-CII": {
                "11": 0.95,
                "10": 0.9821428571428571,
                "8": 1.0,
                "9": 0.958904109589041,
                "13": 1.0,
                "12": 1.0,
                "7": 1.0
            },
            "accuracy_by_sizes-9-III": {
                "11": 1.0,
                "12": 1.0,
                "10": 1.0,
                "9": 0.935064935064935,
                "8": 1.0,
                "13": 1.0
            },
            "prediction_accuracy-1-con": 0.4666666666666667,
            "prediction_accuracy-10-CCCC": 0.17,
            "prediction_accuracy-11-CCCI": 0.875,
            "prediction_accuracy-12-CCII": 0.89,
            "prediction_accuracy-13-CIII": 0.95,
            "prediction_accuracy-14-IIII": 0.93,
            "prediction_accuracy-2-incon": 0.8333333333333334,
            "prediction_accuracy-3-CC": 0.21,
            "prediction_accuracy-4-CI": 0.935,
            "prediction_accuracy-5-II": 0.96,
            "prediction_accuracy-6-CCC": 0.16,
            "prediction_accuracy-7-CCI": 0.94,
            "prediction_accuracy-8-CII": 0.97,
            "prediction_accuracy-9-III": 0.975,
            "set_sizes": {
                "2": 4,
                "3": 45,
                "4": 16,
                "5": 84,
                "6": 295,
                "7": 147,
                "8": 164,
                "9": 323,
                "10": 221,
                "11": 254,
                "12": 384,
                "13": 278,
                "14": 155,
                "15": 61,
                "16": 25,
                "17": 4
            },
            "set_sizes-1-con": {
                "4": 6,
                "3": 21,
                "2": 3
            },
            "set_sizes-10-CCCC": {
                "12": 76,
                "11": 41,
                "10": 9,
                "14": 25,
                "13": 38,
                "16": 2,
                "15": 8,
                "9": 1
            },
            "set_sizes-11-CCCI": {
                "16": 3,
                "13": 45,
                "11": 41,
                "10": 8,
                "14": 26,
                "12": 63,
                "15": 13,
                "9": 1
            },
            "set_sizes-12-CCII": {
                "12": 69,
                "13": 53,
                "14": 29,
                "15": 15,
                "11": 21,
                "16": 7,
                "10": 6
            },
            "set_sizes-13-CIII": {
                "12": 59,
                "16": 7,
                "13": 65,
                "14": 38,
                "15": 16,
                "11": 13,
                "17": 1,
                "10": 1
            },
            "set_sizes-14-IIII": {
                "12": 77,
                "14": 37,
                "13": 65,
                "15": 9,
                "16": 6,
                "17": 3,
                "11": 3
            },
            "set_sizes-2-incon": {
                "2": 1,
                "3": 24,
                "5": 2,
                "4": 3
            },
            "set_sizes-3-CC": {
                "6": 99,
                "5": 48,
                "8": 11,
                "7": 32,
                "9": 4,
                "4": 5,
                "10": 1
            },
            "set_sizes-4-CI": {
                "8": 23,
                "5": 27,
                "7": 45,
                "6": 97,
                "9": 6,
                "4": 1,
                "10": 1
            },
            "set_sizes-5-II": {
                "6": 99,
                "7": 57,
                "8": 26,
                "9": 8,
                "5": 7,
                "10": 2,
                "4": 1
            },
            "set_sizes-6-CCC": {
                "9": 76,
                "10": 39,
                "8": 48,
                "11": 19,